[{"timestamp":"2026-01-13T15:34:44.306Z","message":"Navigation to Premium","type":"navigation","data":{"from":"JuspayOffers","to":"Premium"},"category":"navigation","level":"info"},{"timestamp":"2026-01-13T15:34:44.440Z","type":"http","data":{"status_code":200.0,"method":"GET","url":"https://ottwatch-webapp.s3.ap-south-1.amazonaws.com/prod/prod_constants.json"},"category":"xhr","level":"info"},{"timestamp":"2026-01-13T15:34:44.764Z","type":"http","data":{"status_code":201.0,"method":"POST","url":"https://api2.ottplay.com/api/v3/mobile/analytics/"},"category":"xhr","level":"info"},{"timestamp":"2026-01-13T15:34:47.665Z","message":"Navigation to SubscriptionPlanPage","type":"navigation","data":{"from":"Premium","to":"SubscriptionPlanPage"},"category":"navigation","level":"info"},{"timestamp":"2026-01-13T15:34:48.137Z","type":"http","data":{"status_code":200.0,"method":"GET","url":"https://ottwatch-webapp.s3.ap-south-1.amazonaws.com/prod/prod_constants.json"},"category":"xhr","level":"info"},{"timestamp":"2026-01-13T15:34:48.456Z","type":"http","data":{"status_code":201.0,"method":"POST","url":"https://api2.ottplay.com/api/v3/mobile/analytics/"},"category":"xhr","level":"info"},{"timestamp":"2026-01-13T15:34:48.558Z","type":"http","data":{"status_code":201.0,"method":"POST","url":"https://api2.ottplay.com/api/v3/mobile/analytics/"},"category":"xhr","level":"info"},{"timestamp":"2026-01-13T15:34:48.561Z","type":"http","data":{"status_code":201.0,"method":"POST","url":"https://api2.ottplay.com/api/v3/mobile/analytics/"},"category":"xhr","level":"info"},{"timestamp":"2026-01-13T15:34:49.671Z","type":"http","data":{"status_code":201.0,"method":"POST","url":"https://api2.ottplay.com/api/v3/mobile/analytics/"},"category":"xhr","level":"info"},{"timestamp":"2026-01-13T15:34:49.731Z","message":"ViewPropTypes will be removed from React Native, along with all other PropTypes. We recommend that you migrate away from PropTypes and switch to a type system like TypeScript. If you need to continue using ViewPropTypes, migrate to the 'deprecated-react-native-prop-types' package.","data":{"logger":"console","arguments":["ViewPropTypes will be removed from React Native, along with all other PropTypes. We recommend that you migrate away from PropTypes and switch to a type system like TypeScript. If you need to continue using ViewPropTypes, migrate to the 'deprecated-react-native-prop-types' package."]},"category":"console","level":"error"},{"timestamp":"2026-01-13T15:34:49.798Z","message":"Navigation to SubscriptionPlanDetail","type":"navigation","data":{"from":"SubscriptionPlanPage","to":"SubscriptionPlanDetail"},"category":"navigation","level":"info"},{"timestamp":"2026-01-13T15:34:49.898Z","type":"http","data":{"status_code":200.0,"method":"GET","url":"https://api2.ottplay.com/api/payment-service/v3.1/mobile/purchase/active-offers?randomId=4224"},"category":"xhr","level":"info"},{"timestamp":"2026-01-13T15:34:52.802Z","message":"Navigation to PersonalDetails","type":"navigation","data":{"from":"SubscriptionPlanDetail","to":"PersonalDetails"},"category":"navigation","level":"info"},{"timestamp":"2026-01-13T15:34:53.061Z","type":"http","data":{"status_code":201.0,"method":"POST","url":"https://api2.ottplay.com/api/v3/mobile/analytics/"},"category":"xhr","level":"info"},{"timestamp":"2026-01-13T15:35:00.442Z","type":"http","data":{"status_code":200.0,"method":"POST","url":"https://api2.ottplay.com/api/user-service/v1/generate-otp"},"category":"xhr","level":"info"},{"timestamp":"2026-01-13T15:35:00.571Z","message":"Navigation to CreateAccount","type":"navigation","data":{"from":"PersonalDetails","to":"CreateAccount"},"category":"navigation","level":"info"},{"timestamp":"2026-01-13T15:35:00.800Z","type":"http","data":{"status_code":201.0,"method":"POST","url":"https://api2.ottplay.com/api/v3/mobile/analytics/"},"category":"xhr","level":"info"},{"timestamp":"2026-01-13T15:35:01.655Z","message":"8654b0c21be44898895841003f413a86","data":{},"category":"sentry.transaction","level":"info"},{"timestamp":"2026-01-13T15:35:01.859Z","type":"http","data":{"status_code":201.0,"method":"POST","url":"https://api2.ottplay.com/api/v3/mobile/analytics/"},"category":"xhr","level":"info"},{"timestamp":"2026-01-13T15:35:02.444Z","type":"navigation","data":{"state":"background"},"category":"app.lifecycle","level":"info"},{"timestamp":"2026-01-13T15:35:13.276Z","type":"navigation","data":{"state":"foreground"},"category":"app.lifecycle","level":"info"},{"timestamp":"2026-01-13T15:35:19.441Z","type":"navigation","data":{"state":"background"},"category":"app.lifecycle","level":"info"},{"timestamp":"2026-01-13T15:35:20.302Z","type":"navigation","data":{"state":"foreground"},"category":"app.lifecycle","level":"info"},{"timestamp":"2026-01-13T15:35:22.334Z","type":"http","data":{"status_code":200.0,"method":"POST","url":"https://api2.ottplay.com/api/user-service/v1/verify-via-otp"},"category":"xhr","level":"info"},{"timestamp":"2026-01-13T15:35:23.181Z","type":"http","data":{"status_code":200.0,"method":"GET","url":"https://ottwatch-webapp.s3.ap-south-1.amazonaws.com/prod/prod_constants.json"},"category":"xhr","level":"info"},{"timestamp":"2026-01-13T15:35:23.244Z","type":"http","data":{"status_code":200.0,"method":"GET","url":"https://ottwatch-webapp.s3.ap-south-1.amazonaws.com/prod/prod_constants.json"},"category":"xhr","level":"info"},{"timestamp":"2026-01-13T15:35:23.306Z","type":"http","data":{"status_code":200.0,"method":"GET","url":"https://api2.ottplay.com/api/user-service/v1/user/app-rating/reviewlist?randomId=8107"},"category":"xhr","level":"info"},{"timestamp":"2026-01-13T15:35:23.362Z","type":"http","data":{"status_code":401.0,"method":"GET","url":"https://api2.ottplay.com/api/user-service/v1/user/app-rating/show-feedback-popup?randomId=2734"},"category":"xhr","level":"info"},{"timestamp":"2026-01-13T15:35:23.393Z","type":"http","data":{"status_code":401.0,"method":"GET","url":"https://api2.ottplay.com/api/payment-service/v4.1/mobile/purchase/post-expiry-discount?randomId=1729"},"category":"xhr","level":"info"},{"timestamp":"2026-01-13T15:35:23.504Z","type":"http","data":{"status_code":200.0,"method":"GET","url":"https://api2.ottplay.com/api/v4.7/mobile/liveTV/top-live-tv-channels?"},"category":"xhr","level":"info"},{"timestamp":"2026-01-13T15:35:23.509Z","type":"http","data":{"status_code":200.0,"method":"POST","url":"https://api2.ottplay.com/api/v3/mobile/user/v2/first-seen?randomId=3003"},"category":"xhr","level":"info"},{"timestamp":"2026-01-13T15:35:23.639Z","type":"http","data":{"status_code":200.0,"method":"POST","url":"https://api2.ottplay.com/api/user-service/v1/auth/login"},"category":"xhr","level":"info"},{"timestamp":"2026-01-13T15:35:24.192Z","type":"http","data":{"status_code":200.0,"method":"GET","url":"https://api2.ottplay.com/api/user-service/v1/user/whatsapp-consent/status?randomId=8131"},"category":"xhr","level":"info"},{"timestamp":"2026-01-13T15:35:24.240Z","type":"http","data":{"status_code":201.0,"method":"POST","url":"https://api2.ottplay.com/api/v3/mobile/analytics/"},"category":"xhr","level":"info"},{"timestamp":"2026-01-13T15:35:24.286Z","type":"http","data":{"status_code":200.0,"method":"GET","url":"https://api2.ottplay.com/api/payment-service/v4.1/mobile/plansubscribe/getusersubscription?randomId=46120"},"category":"xhr","level":"info"},{"timestamp":"2026-01-13T15:35:24.703Z","type":"http","data":{"status_code":200.0,"method":"PUT","url":"https://api2.ottplay.com/api/v2.1/mobile/analytics/acquisitions"},"category":"xhr","level":"info"},{"timestamp":"2026-01-13T15:35:24.711Z","type":"http","data":{"status_code":200.0,"method":"GET","url":"https://api2.ottplay.com/api/payment-service/v4.1/mobile/plansubscribe/getusersubscription?randomId=50336"},"category":"xhr","level":"info"},{"timestamp":"2026-01-13T15:35:24.805Z","type":"http","data":{"status_code":200.0,"method":"POST","url":"https://api2.ottplay.com/api/user-service/v1/user/whatsapp-consent?randomId=2291"},"category":"xhr","level":"info"},{"timestamp":"2026-01-13T15:35:24.805Z","message":"Navigation to PurchaseJusPay","type":"navigation","data":{"from":"CreateAccount","to":"PurchaseJusPay"},"category":"navigation","level":"info"},{"timestamp":"2026-01-13T15:35:25.422Z","type":"http","data":{"status_code":422.0,"method":"POST","url":"https://api2.ottplay.com/api/payment-service/v4.1/mobile/purchase?error_version=2.1"},"category":"xhr","level":"info"},{"timestamp":"2026-01-13T15:35:26.026Z","message":"Navigation to MainStack","type":"navigation","data":{"from":"PurchaseJusPay","to":"MainStack"},"category":"navigation","level":"info"},{"timestamp":"2026-01-13T15:35:26.055Z","type":"http","data":{"status_code":200.0,"method":"POST","url":"https://api2.ottplay.com/api/user-service/v1/user/whatsapp-consent/update-status?randomId=4188"},"category":"xhr","level":"info"},{"timestamp":"2026-01-13T15:35:26.063Z","type":"http","data":{"status_code":200.0,"method":"GET","url":"https://api2.ottplay.com/api/payment-service/v4.1/mobile/plansubscribe/getusersubscription?randomId=97072"},"category":"xhr","level":"info"},{"timestamp":"2026-01-13T15:35:26.108Z","type":"http","data":{"status_code":200.0,"method":"GET","url":"https://ottwatch-webapp.s3.ap-south-1.amazonaws.com/prod/prod_constants.json"},"category":"xhr","level":"info"},{"timestamp":"2026-01-13T15:35:26.298Z","type":"http","data":{"status_code":200.0,"method":"GET","url":"https://api2.ottplay.com/api/user-service/v1/user/app-rating/show-feedback-popup?randomId=5099"},"category":"xhr","level":"info"},{"timestamp":"2026-01-13T15:35:26.308Z","type":"http","data":{"status_code":201.0,"method":"POST","url":"https://api2.ottplay.com/api/v3/mobile/analytics/"},"category":"xhr","level":"info"},{"timestamp":"2026-01-13T15:35:26.324Z","type":"http","data":{"status_code":200.0,"method":"GET","url":"https://api2.ottplay.com/api/user-service/v1/user/app-rating/reviewlist?randomId=421"},"category":"xhr","level":"info"},{"timestamp":"2026-01-13T15:35:26.345Z","type":"http","data":{"status_code":200.0,"method":"GET","url":"https://api2.ottplay.com/api/user-service/v1/user/profile/list-profiles?randomId=8168"},"category":"xhr","level":"info"},{"timestamp":"2026-01-13T15:35:30.446Z","type":"http","data":{"status_code":200.0,"method":"POST","url":"https://api2.ottplay.com/api/user-service/v1/user/profile/switch-profile"},"category":"xhr","level":"info"},{"timestamp":"2026-01-13T15:35:30.585Z","type":"system","data":{"level":51.0,"charging":false,"action":"BATTERY_CHANGED"},"category":"device.event","level":"info"},{"timestamp":"2026-01-13T15:35:30.666Z","message":"Navigation to MySubscription","type":"navigation","data":{"from":"MainStack","to":"MySubscription"},"category":"navigation","level":"info"},{"timestamp":"2026-01-13T15:35:31.281Z","type":"http","data":{"status_code":200.0,"method":"GET","url":"https://ottwatch-webapp.s3.ap-south-1.amazonaws.com/prod/prod_constants.json"},"category":"xhr","level":"info"},{"timestamp":"2026-01-13T15:35:32.311Z","type":"http","data":{"status_code":200.0,"method":"GET","url":"https://ottwatch-webapp.s3.ap-south-1.amazonaws.com/prod/prod_constants.json"},"category":"xhr","level":"info"},{"timestamp":"2026-01-13T15:35:32.314Z","type":"http","data":{"status_code":200.0,"method":"GET","url":"https://ottwatch-webapp.s3.ap-south-1.amazonaws.com/prod/prod_constants.json"},"category":"xhr","level":"info"},{"timestamp":"2026-01-13T15:35:32.317Z","type":"http","data":{"status_code":200.0,"method":"GET","url":"https://api2.ottplay.com/api/v4.5/mobile/ranking/?platform=android&module_name=Subscription&template_name=inline_renewal_banner&pin_it=false&section=widget&limit=25&randomId=2369"},"category":"xhr","level":"info"},{"timestamp":"2026-01-13T15:35:32.318Z","type":"http","data":{"status_code":200.0,"method":"GET","url":"https://api2.ottplay.com/api/user-service/v1/user/engagement-journey/user-engagement-status"},"category":"xhr","level":"info"},{"timestamp":"2026-01-13T15:35:32.318Z","type":"http","data":{"status_code":200.0,"method":"GET","url":"https://api2.ottplay.com/api/payment-service/v4.1/web/subscriptionplans/multi-add-on-details?randomId=1768318530539"},"category":"xhr","level":"info"},{"timestamp":"2026-01-13T15:35:32.429Z","type":"http","data":{"status_code":200.0,"method":"GET","url":"https://api2.ottplay.com/api/v4.5/mobile/widget/list/?platform=android&menu=Subscription&randomId=7008"},"category":"xhr","level":"info"},{"timestamp":"2026-01-13T15:35:32.551Z","type":"http","data":{"status_code":200.0,"method":"GET","url":"https://api2.ottplay.com/api/user-service/v1/user/engagement-journey/user-engagement-status"},"category":"xhr","level":"info"},{"timestamp":"2026-01-13T15:35:32.587Z","type":"http","data":{"status_code":200.0,"method":"GET","url":"https://api2.ottplay.com/api/user-service/v1/user/app-rating/reviewlist?randomId=419"},"category":"xhr","level":"info"},{"timestamp":"2026-01-13T15:35:32.590Z","type":"http","data":{"status_code":200.0,"method":"GET","url":"https://api2.ottplay.com/api/payment-service/v4.1/web/subscriptionplans/multi-add-on-details?randomId=1768318530652"},"category":"xhr","level":"info"},{"timestamp":"2026-01-13T15:35:32.627Z","type":"http","data":{"status_code":200.0,"method":"GET","url":"https://api2.ottplay.com/api/user-service/v1/user/app-rating/show-feedback-popup?randomId=4313"},"category":"xhr","level":"info"},{"timestamp":"2026-01-13T15:35:32.653Z","type":"http","data":{"status_code":404.0,"method":"GET","url":"https://api2.ottplay.com/api/payment-service/v4.1/web/plansubscribe/flexi/fetch-history?user_id=1741501382433&randomId=7338"},"category":"xhr","level":"info"},{"timestamp":"2026-01-13T15:35:32.718Z","type":"http","data":{"status_code":200.0,"method":"GET","url":"https://api2.ottplay.com/api/payment-service/v2.1/web/upgradeplan?plan_code=ott_super_monthly&subscription_id=929426808370127199"},"category":"xhr","level":"info"},{"timestamp":"2026-01-13T15:35:32.788Z","message":"Navigation to UpgradablePlansListAndroid","type":"navigation","data":{"from":"MySubscription","to":"UpgradablePlansListAndroid"},"category":"navigation","level":"info"},{"timestamp":"2026-01-13T15:35:32.839Z","type":"http","data":{"status_code":200.0,"method":"GET","url":"https://api2.ottplay.com/api/v4.7/mobile/ranking/?module_name=Subscription&platform=android&limit=3&section=widget_mix_search_5&pin_it=true&title=Mix Search&template_name=subscription_banner&page=1&lang_pref=false&language=false&language_id=null&genre=false&genre_id=undefined&provider=false&provider_id=null&randomId=8267"},"category":"xhr","level":"info"},{"timestamp":"2026-01-13T15:35:32.846Z","type":"http","data":{"status_code":200.0,"method":"GET","url":"https://api2.ottplay.com/api/v4.7/mobile/ranking/?module_name=Subscription&platform=android&limit=50&section=widget__oTTplay_partners&pin_it=true&title=OTTplay Partners&template_name=providers&page=1&lang_pref=false&language=false&language_id=null&genre=false&genre_id=undefined&provider=false&provider_id=null&randomId=1724"},"category":"xhr","level":"info"},{"timestamp":"2026-01-13T15:35:32.916Z","type":"http","data":{"status_code":200.0,"method":"GET","url":"https://api2.ottplay.com/api/v4.7/mobile/ranking/?module_name=Subscription&platform=android&limit=5&section=widget_new_release_27&pin_it=true&title=New Releases&template_name=new_release&page=1&lang_pref=false&language=false&language_id=null&genre=false&genre_id=undefined&provider=false&provider_id=null&randomId=5135"},"category":"xhr","level":"info"},{"timestamp":"2026-01-13T15:35:32.940Z","type":"http","data":{"status_code":201.0,"method":"POST","url":"https://api2.ottplay.com/api/v3/mobile/analytics/"},"category":"xhr","level":"info"},{"timestamp":"2026-01-13T15:35:32.958Z","type":"http","data":{"status_code":200.0,"method":"GET","url":"https://api2.ottplay.com/api/re-service/v1.4/web/re-widget/premium-top-10-shows-by-language-preference/?module_name=Subscription&platform=android&limit=5&section=widget_oTTplay_top10_shows&pin_it=false&title=Top 10 Shows&template_name=top10_language&page=1&lang_pref=false&language=false&language_id=null&genre=false&genre_id=undefined&provider=false&provider_id=null&randomId=1973"},"category":"xhr","level":"info"},{"timestamp":"2026-01-13T15:35:32.966Z","type":"http","data":{"status_code":200.0,"method":"GET","url":"https://api2.ottplay.com/api/v4.5/mobile/ranking/?platform=android&module_name=Subscription&template_name=inline_renewal_banner&pin_it=false&section=widget&limit=25&randomId=4738"},"category":"xhr","level":"info"},{"timestamp":"2026-01-13T15:35:33.000Z","type":"http","data":{"status_code":201.0,"method":"POST","url":"https://api2.ottplay.com/api/v3/mobile/analytics/"},"category":"xhr","level":"info"},{"timestamp":"2026-01-13T15:35:33.206Z","type":"http","data":{"status_code":201.0,"method":"POST","url":"https://api2.ottplay.com/api/v3/mobile/analytics/"},"category":"xhr","level":"info"},{"timestamp":"2026-01-13T15:35:33.313Z","type":"http","data":{"status_code":201.0,"method":"POST","url":"https://api2.ottplay.com/api/v3/mobile/analytics/"},"category":"xhr","level":"info"},{"timestamp":"2026-01-13T15:35:33.321Z","type":"http","data":{"status_code":200.0,"method":"GET","url":"https://api2.ottplay.com/api/v4.5/mobile/ranking/provider-upfront?limit=6&platform=android&seo_url=jiohotstar/4025a7f67d456&randomId=7532"},"category":"xhr","level":"info"},{"timestamp":"2026-01-13T15:35:34.112Z","message":"Navigation to MySubscription","type":"navigation","data":{"from":"UpgradablePlansListAndroid","to":"MySubscription"},"category":"navigation","level":"info"},{"timestamp":"2026-01-13T15:35:34.371Z","message":"66badb2ecc544ac59f749268af8e16c3","data":{},"category":"sentry.transaction","level":"info"},{"timestamp":"2026-01-13T15:35:35.135Z","message":"Navigation to Premium","type":"navigation","data":{"from":"MySubscription","to":"Premium"},"category":"navigation","level":"info"},{"timestamp":"2026-01-13T15:35:35.296Z","type":"http","data":{"status_code":200.0,"method":"GET","url":"https://ottwatch-webapp.s3.ap-south-1.amazonaws.com/prod/prod_constants.json"},"category":"xhr","level":"info"},{"timestamp":"2026-01-13T15:35:35.309Z","type":"http","data":{"status_code":200.0,"method":"GET","url":"https://ottwatch-webapp.s3.ap-south-1.amazonaws.com/prod/prod_constants.json"},"category":"xhr","level":"info"},{"timestamp":"2026-01-13T15:35:35.458Z","type":"http","data":{"status_code":200.0,"method":"GET","url":"https://api2.ottplay.com/api/v4.5/mobile/widget/list/?platform=android&menu=Subscription&randomId=3980"},"category":"xhr","level":"info"},{"timestamp":"2026-01-13T15:35:35.557Z","type":"http","data":{"status_code":200.0,"method":"GET","url":"https://api2.ottplay.com/api/user-service/v1/user/app-rating/reviewlist?randomId=6910"},"category":"xhr","level":"info"},{"timestamp":"2026-01-13T15:35:35.568Z","type":"http","data":{"status_code":200.0,"method":"GET","url":"https://api2.ottplay.com/api/user-service/v1/user/app-rating/show-feedback-popup?randomId=4334"},"category":"xhr","level":"info"},{"timestamp":"2026-01-13T15:35:35.619Z","type":"http","data":{"status_code":200.0,"method":"GET","url":"https://api2.ottplay.com/api/v4.7/mobile/ranking/?module_name=Subscription&platform=android&limit=5&section=widget_restore_subscription&pin_it=false&title=Restore subscription&template_name=restore_subscription&page=1&lang_pref=false&language=false&language_id=null&genre=false&genre_id=undefined&provider=false&provider_id=null&randomId=588"},"category":"xhr","level":"info"},{"timestamp":"2026-01-13T15:35:35.650Z","type":"http","data":{"status_code":200.0,"method":"GET","url":"https://api2.ottplay.com/api/v4.7/mobile/ranking/?module_name=Subscription&platform=android&limit=3&section=widget_mix_search_5&pin_it=true&title=Mix Search&template_name=subscription_banner&page=1&lang_pref=false&language=false&language_id=null&genre=false&genre_id=undefined&provider=false&provider_id=null&randomId=9307"},"category":"xhr","level":"info"},{"timestamp":"2026-01-13T15:35:35.654Z","type":"http","data":{"status_code":200.0,"method":"GET","url":"https://api2.ottplay.com/api/v4.5/mobile/ranking/provider-upfront?limit=6&platform=android&seo_url=jiohotstar/4025a7f67d456&randomId=1853"},"category":"xhr","level":"info"},{"timestamp":"2026-01-13T15:35:35.656Z","type":"http","data":{"status_code":201.0,"method":"POST","url":"https://api2.ottplay.com/api/v3/mobile/analytics/"},"category":"xhr","level":"info"},{"timestamp":"2026-01-13T15:35:35.870Z","type":"http","data":{"status_code":200.0,"method":"GET","url":"https://api2.ottplay.com/api/v4.7/mobile/ranking/?module_name=Subscription&platform=android&limit=3&section=widget_mix_search_5&pin_it=true&title=Mix Search&template_name=subscription_banner&page=1&lang_pref=false&language=false&language_id=null&genre=false&genre_id=undefined&provider=false&provider_id=null&randomId=7098"},"category":"xhr","level":"info"},{"timestamp":"2026-01-13T15:35:35.924Z","type":"http","data":{"status_code":200.0,"method":"GET","url":"https://api2.ottplay.com/api/v4.7/mobile/ranking/?module_name=Subscription&platform=android&limit=5&section=widget_restore_subscription&pin_it=false&title=Restore subscription&template_name=restore_subscription&page=1&lang_pref=false&language=false&language_id=null&genre=false&genre_id=undefined&provider=false&provider_id=null&randomId=5030"},"category":"xhr","level":"info"},{"timestamp":"2026-01-13T15:35:36.008Z","type":"http","data":{"status_code":200.0,"method":"GET","url":"https://api2.ottplay.com/api/v4.5/mobile/ranking/?platform=android&module_name=Subscription&template_name=inline_renewal_banner&pin_it=false&section=widget&limit=25&randomId=9937"},"category":"xhr","level":"info"},{"timestamp":"2026-01-13T15:35:36.049Z","type":"http","data":{"status_code":200.0,"method":"GET","url":"https://api2.ottplay.com/api/v4.7/mobile/ranking/?module_name=Subscription&platform=android&limit=50&section=widget__oTTplay_partners&pin_it=true&title=Super Monthly&template_name=providers&page=1&lang_pref=false&language=false&language_id=null&genre=false&genre_id=undefined&provider=false&provider_id=null&randomId=3532"},"category":"xhr","level":"info"},{"timestamp":"2026-01-13T15:35:36.309Z","type":"http","data":{"status_code":201.0,"method":"POST","url":"https://api2.ottplay.com/api/v3/mobile/analytics/"},"category":"xhr","level":"info"},{"timestamp":"2026-01-13T15:35:36.383Z","type":"http","data":{"status_code":200.0,"method":"GET","url":"https://api2.ottplay.com/api/v4.5/mobile/ranking/provider-upfront?limit=6&platform=android&seo_url=jiohotstar/4025a7f67d456&randomId=4169"},"category":"xhr","level":"info"},{"timestamp":"2026-01-13T15:35:36.447Z","type":"http","data":{"status_code":200.0,"method":"GET","url":"https://api2.ottplay.com/api/user-service/v1/user/watchlist/list?platform=android&limit=10&randomID=9754&error_version=2&result_type=ottplay_id"},"category":"xhr","level":"info"},{"timestamp":"2026-01-13T15:35:36.475Z","type":"http","data":{"status_code":201.0,"method":"POST","url":"https://api2.ottplay.com/api/v3/mobile/analytics/"},"category":"xhr","level":"info"},{"timestamp":"2026-01-13T15:35:36.591Z","type":"http","data":{"status_code":200.0,"method":"GET","url":"https://api2.ottplay.com/api/v4.7/mobile/ranking/?module_name=Subscription&platform=android&limit=5&section=widget_continue_watching&pin_it=false&title=Continue Watching&template_name=continue_watching&page=1&lang_pref=false&language=false&language_id=null&genre=false&genre_id=undefined&provider=false&provider_id=null&randomId=8966"},"category":"xhr","level":"info"},{"timestamp":"2026-01-13T15:35:37.209Z","message":"f811b18357584bcb9aa295fd9d4c1feb","data":{},"category":"sentry.transaction","level":"info"},{"timestamp":"2026-01-13T15:35:37.547Z","type":"http","data":{"status_code":200.0,"method":"GET","url":"https://api2.ottplay.com/api/v4.7/mobile/ranking/?module_name=Subscription&platform=android&limit=5&section=widget_continue_watching&pin_it=false&title=Continue Watching&template_name=continue_watching&page=1&lang_pref=false&language=false&language_id=null&genre=false&genre_id=undefined&provider=false&provider_id=null&randomId=1065"},"category":"xhr","level":"info"},{"timestamp":"2026-01-13T15:35:38.177Z","type":"navigation","data":{"state":"background"},"category":"app.lifecycle","level":"info"},{"timestamp":"2026-01-13T15:36:08.186Z","type":"session","data":{"state":"end"},"category":"app.lifecycle","level":"info"}]