{
  "godel": {
    "v1-config.zip": {
      "hash": "d075d86a254dcd9ca1f198d771145015"
    }
  },
  "hyper": {
    "bundles": {
      "acs": {
        "in.juspay.godel": {
          "1.3.1": {
            "v1-acs.zip": {
              "hash": "b562e4fcc1a9f783f78cce04547c0e0d"
            }
          },
          "1.3.5": {
            "v1-acs.zip": {
              "hash": "dfba1bb71eaad58a2564db7d8545e882"
            }
          }
        }
      },
      "android": {
        "release": {
          "in.juspay.hyperpay": {
            "2.0.0": {
              "common": {
                "1.0.2": {
                  "base.html": {
                    "hash": "4b454e77af8566e25e71fe2e9388511d"
                  }
                }
              }
            }
          }
        }
      },
      "app": {
        "in.juspay.dotp": {
          "7.5.2": {
            "android": {
              "v1-index_bundle.zip": {
                "hash": "a86a4ccd5235edbe7a2528ed6ca36292"
              }
            }
          }
        },
        "in.juspay.ec": {
          "4.3.26": {
            "android": {
              "v1-index_bundle.zip": {
                "hash": "28beba21e3e8aa00eafd69aaa6525e06"
              }
            }
          },
          "7.5.2": {
            "android": {
              "v1-index_bundle.zip": {
                "hash": "ce8ab7402de464bab1ee6a325d79dc67"
              }
            }
          }
        },
        "in.juspay.escrow": {
          "4.4.0": {
            "android": {
              "v1-index_bundle.zip": {
                "hash": "47119f3c856a55807e982e6f03ea7685"
              }
            }
          }
        },
        "in.juspay.flyer": {
          "2.5.2": {
            "android": {
              "v1-index_bundle.zip": {
                "hash": "f839bc6db955a6f8e23935445de08265"
              }
            }
          }
        },
        "in.juspay.godel": {
          "1.1.1": {
            "android": {
              "v1-index_bundle.zip": {
                "hash": "2ca7a415a33ec26826dacf7d6e55b0a5"
              }
            }
          },
          "1.8.1": {
            "android": {
              "v1-index_bundle.zip": {
                "hash": "49097bca5ee9b0604848bc17227b574f"
              }
            }
          },
          "1.9.0": {
            "android": {
              "v1-index_bundle.zip": {
                "hash": "b78e707e1ce1bd3f4ebba034b1ae2316"
              }
            }
          }
        },
        "in.juspay.hyperpay": {
          "4.139.1-release-20251110.1": {
            "android": {
              "v1-index_bundle.zip": {
                "hash": "25e5edcbf4db571085cf68ef5c8b50ae"
              }
            }
          }
        },
        "in.juspay.hyperupi": {
          "2.7.76": {
            "android": {
              "v1-index_bundle.zip": {
                "hash": "b92045ed71484a6c53e36d1597196e44"
              }
            }
          }
        },
        "in.juspay.inappupi": {
          "2.3.56": {
            "android": {
              "v1-index_bundle.zip": {
                "hash": "b181fd524611f55098255572f625a41b"
              }
            }
          }
        },
        "in.juspay.upiintent": {
          "7.5.2": {
            "android": {
              "v1-index_bundle.zip": {
                "hash": "8ac334c206447d3eff0fea3cdf397dad"
              }
            }
          }
        },
        "tracker": {
          "2.0.50": {
            "v1-tracker.zip": {
              "hash": "72e0db9d6d92d558b8a3dbb2e6abf0ec"
            }
          },
          "2.2.9": {
            "v1-tracker.zip": {
              "hash": "c4223532dfd5df4b83cdf7946ded3503"
            }
          }
        }
      },
      "config": {
        "in.juspay.godel": {
          "1.4.5": {
            "v1-config.zip": {
              "hash": "148f6906bec2c7d45e84e895dff83dd0"
            }
          },
          "1.5.0": {
            "v1-config.zip": {
              "hash": "fb8f2a0d9c4a9ea40a5f172a6a29a682"
            }
          }
        }
      },
      "in.juspay.merchants": {
        "bbdaily": {
          "ios": {
            "release": {
              "config.json": {
                "hash": "3hkj23h5k23jh52kj3h"
              }
            }
          }
        },
        "htott": {
          "android": {
            "release": {
              "sdk_config.json": {
                "hash": "75fef58c3ef8341fbef1ea7fd4e73deb"
              }
            }
          }
        }
      },
      "release": {
        "in.juspay.godel": {
          "android": {
            "1.0rc2": {
              "common": {
                "1.0.1": {
                  "v1-boot_loader.zip": {
                    "hash": "3b52f2f0d550507208f50689c5dff01f"
                  }
                },
                "stable": {
                  "v1-boot_loader.zip": {
                    "hash": "1a675fbf2067227d1857566bc3b4ebf6"
                  }
                }
              }
            }
          }
        }
      }
    },
    "configs": {
      "htott": {
        "in.juspay.hyperpay": {
          "2.194.1": {
            "v1-configuration.zip": {
              "hash": "49b685745de98871e05a7767350392c3"
            },
            "v1-icons.zip": {
              "hash": "ec0bcd94cb42653428fcd154c6166924"
            },
            "v1-strings.zip": {
              "hash": "fffd85c346d77069541f5e2346508852"
            }
          }
        }
      }
    }
  },
  "juspay": {
    "payments": {
      "in.juspay.dotp": {
        "release": {
          "v1-config.zip": {
            "hash": "d1be46cb32c6ae215f492b0b963486b7"
          }
        }
      },
      "in.juspay.ec": {
        "release": {
          "v1-config.zip": {
            "hash": "01ec08875f5d676ef172339e7d3f9b8f"
          }
        }
      },
      "in.juspay.godel": {
        "release": {
          "1.0rc2": {
            "v1-acs.zip": {
              "hash": "0e6e2249b7adef09c1ffc8e673f312ae"
            }
          }
        }
      },
      "in.juspay.upiintent": {
        "release": {
          "v1-config.zip": {
            "hash": "f67f6696dc05617814c509afb42a4a43"
          }
        }
      }
    }
  }
}