<?xml version='1.0' encoding='utf-8' standalone='yes' ?>
<map>
    <long name="com.facebook.appevents.SessionInfo.sessionStartTime" value="1767620567203" />
    <long name="com.facebook.appevents.SessionInfo.sessionEndTime" value="1767620632413" />
    <boolean name="bg_startup_tracing" value="false" />
    <int name="com.facebook.appevents.SessionInfo.interruptionCount" value="4" />
    <long name="com.telegram.techie_gamer.classes.cloneTimestamp" value="1767420148953" />
    <int name="com.telegram.techie_gamer.classes.originalInstallVersionCode" value="370710009" />
    <string name="com.facebook.appevents.SessionInfo.sessionId">35a5daaa-9931-4359-bc28-98d03f25fd3b</string>
</map>
