<?xml version='1.0' encoding='utf-8' standalone='yes' ?>
<map>
    <long name="com.facebook.appevents.SessionInfo.sessionStartTime" value="1768318467450" />
    <long name="com.facebook.appevents.SessionInfo.sessionEndTime" value="1768318537152" />
    <boolean name="bg_startup_tracing" value="false" />
    <string name="com.facebook.appevents.UserDataStore.internalUserData">{&quot;r2&quot;:&quot;8309c52f513a39d52b52e5c036a2fa1f6f2273b0f86b83e52d554d2cc2f698da&quot;}</string>
    <int name="com.facebook.appevents.SessionInfo.interruptionCount" value="2" />
    <string name="com.facebook.appevents.SessionInfo.sessionId">50a7bc28-0b21-4994-a291-76dd1cb63977</string>
</map>
