<?xml version='1.0' encoding='utf-8' standalone='yes' ?>
<map>
    <string name="p1"></string>
    <string name="p2"></string>
    <string name="p3"></string>
    <string name="p4"></string>
    <string name="p5"></string>
    <string name="campaignid">23387729217</string>
    <string name="channel"></string>
    <string name="clickId"></string>
    <string name="pid">googleads</string>
    <string name="adid"></string>
    <string name="install_id">d9fe3e7d-4da9-4c71-b83f-dda76b3cffdd</string>
    <string name="click_time"></string>
    <string name="adset">ott_super_monthly#OTTGUASPR#sp-149-wheel-of-fortun-23-12-2025</string>
    <string name="deep_link_called">true</string>
    <string name="adsetid">193478419431</string>
    <string name="install_time">1970-01-21T11:11:51.564Z</string>
    <string name="ad"></string>
    <string name="last_session_time">2026-01-13T15:34:32.831Z</string>
    <string name="first_install">2026-01-13T15:34:32.447Z</string>
    <boolean name="is_install_tracked" value="true" />
    <string name="last_session_date">2026-01-13</string>
    <string name="dlv"></string>
    <string name="partner"></string>
    <string name="install_referrer">utm_source=google-play&amp;utm_medium=organic</string>
    <string name="campaign">pt-ottplay-google-uac-sp-149-wheel-of-fortun-23-12-2025</string>
    <string name="isRetargeting">false</string>
</map>
