<?xml version='1.0' encoding='utf-8' standalone='yes' ?>
<map>
    <long name="first_open_time" value="1768318463379" />
    <string name="gmp_app_id">1:461924812382:android:119d0f93519f384d2916cf</string>
    <string name="app_instance_id">8648d05fae46d500d1440a672541ccec</string>
    <boolean name="app_backgrounded" value="true" />
    <long name="session_id" value="1768318467" />
    <long name="health_monitor:start" value="1768318464169" />
    <boolean name="use_service" value="true" />
    <boolean name="deferred_analytics_collection" value="false" />
    <string name="previous_os_version">15</string>
    <boolean name="has_been_opened" value="true" />
    <boolean name="allow_remote_dynamite" value="true" />
    <long name="last_pause_time" value="1768318537152" />
    <boolean name="start_new_session" value="false" />
</map>
