<?xml version='1.0' encoding='utf-8' standalone='yes' ?>
<map>
    <string name="path">https://api2.ottplay.com/api/v4.5/mobile/ranking/provider-upfront?limit=6&amp;platform=android&amp;seo_url=jiohotstar/4025a7f67d456&amp;randomId=1316</string>
    <string name="headers">{&quot;Content-Type&quot;:&quot;application/json&quot;,&quot;device_id&quot;:&quot;95486c3252b9d420&quot;,&quot;client_id&quot;:&quot;1667319300886&quot;,&quot;Authorization&quot;:&quot;Bearer 34B7FBD24B97D7A4CF717D414F2A8&quot;,&quot;apiVersion&quot;:1,&quot;auth&quot;:&quot;JABX6D6ZUTKLMGE2MJOO25COKVR67WKEHQ2BESC2CQHPP2R63DTJZGIQODYJCSJE2GVSSX6A5B7W7CEA57SJC4SRG3EX7NFDKLHUSJI=&quot;}</string>
    <string name="body">{&quot;device_id&quot;:&quot;95486c3252b9d420&quot;,&quot;device_name&quot;:&quot;V2513&quot;,&quot;device_media&quot;:[]}</string>
    <string name="lastInteraction">External/api2.ottplay.com</string>
</map>
