<?xml version='1.0' encoding='utf-8' standalone='yes' ?>
<map>
    <string name="user_session">{&quot;session_id&quot;:&quot;77454cd0-9769-46de-9132-e6da8cdd455a&quot;,&quot;start_time&quot;:&quot;2026-01-13T15:34:27.462Z&quot;,&quot;last_interaction_time&quot;:1768318538183}</string>
    <int name="appVersion" value="370710009" />
    <long name="last_event_sync_time" value="1768318541697" />
    <long name="inapp_last_sync_time" value="1768318467" />
    <string name="registration_id">eZGwQ3TmSc6r_OsN74_oNI:APA91bF9Wkh2Fsz9xRHcGTftLGZnnfHiBVcUE9BUYE0eL8tmJ65jgYG_CkAsixTIwcBI5h66yCkwQ2tVuPf6HlW4x4AaRUpvwqsL4yBwKKnZ486Bg3XhaZQ</string>
    <set name="sent_activity_list">
        <string>com.google.android.gms.common.api.GoogleApiActivity</string>
        <string>in.juspay.hypernfc.NfcActivity</string>
        <string>com.moengage.pushbase.activities.PushClickDialogTracker</string>
        <string>com.google.android.gms.auth.api.signin.internal.SignInHubActivity</string>
        <string>com.android.billingclient.api.ProxyBillingActivityV2</string>
        <string>com.moengage.pushbase.internal.activity.PermissionActivity</string>
        <string>com.proyecto26.inappbrowser.ChromeTabsManagerActivity</string>
        <string>com.google.firebase.auth.internal.RecaptchaActivity</string>
        <string>in.juspay.hypersdk.core.CustomtabResult</string>
        <string>in.juspay.hypersdkreact.ProcessActivity</string>
        <string>com.ht.ottplay.MainActivityic_launcher</string>
        <string>com.yalantis.ucrop.UCropActivity</string>
        <string>com.facebook.CustomTabActivity</string>
        <string>bin.mt.file.content.MTDataFilesWakeUpActivity</string>
        <string>com.google.android.tv.ads.controls.FallbackImageActivity</string>
        <string>com.moengage.pushbase.activities.PushTracker</string>
        <string>com.facebook.FacebookActivity</string>
        <string>com.android.billingclient.api.ProxyBillingActivity</string>
        <string>com.ht.ottplay.MainActivity</string>
        <string>com.moe.pushlibrary.activities.MoEActivity</string>
        <string>com.google.firebase.auth.internal.GenericIdpActivity</string>
        <string>com.facebook.CustomTabMainActivity</string>
        <string>com.moengage.inapp.internal.activity.MoEInAppActivity</string>
        <string>com.google.android.play.core.common.PlayCoreDialogWrapperActivity</string>
        <string>in.juspay.hypersdk.core.CustomtabActivity</string>
        <string>com.moengage.hms.pushkit.PushClickTracker</string>
    </set>
    <boolean name="is_device_registered" value="true" />
    <boolean name="pref_installed" value="true" />
    <long name="last_config_sync_time" value="1768318464555" />
    <long name="notification_permission_tracked_time" value="1768318467476" />
    <long name="events_batch_number" value="5" />
    <long name="inapp_api_sync_delay" value="900" />
    <long name="inapp_html_assets_delete_time" value="1768318467" />
    <boolean name="has_registered_for_verification" value="false" />
    <long name="in_app_global_delay" value="900" />
    <string name="APP_UUID">9bdd6c85-cc97-4ded-973b-5ca3259f367a</string>
    <string name="user_attribute_unique_id">1741501382433</string>
</map>
