<?xml version='1.0' encoding='utf-8' standalone='yes' ?>
<map>
    <int name="appVersion" value="390680003" />
    <string name="user_session">{&quot;session_id&quot;:&quot;677f9829-9f65-450c-9766-d6129fea195d&quot;,&quot;start_time&quot;:&quot;2026-01-05T13:42:47.202Z&quot;,&quot;last_interaction_time&quot;:1767620633222}</string>
    <long name="last_event_sync_time" value="1767620639575" />
    <long name="inapp_last_sync_time" value="1767620622" />
    <set name="sent_activity_list">
        <string>com.google.android.gms.common.api.GoogleApiActivity</string>
        <string>in.juspay.hypernfc.NfcActivity</string>
        <string>com.moengage.pushbase.activities.PushClickDialogTracker</string>
        <string>com.google.android.gms.auth.api.signin.internal.SignInHubActivity</string>
        <string>com.android.billingclient.api.ProxyBillingActivityV2</string>
        <string>com.moengage.pushbase.internal.activity.PermissionActivity</string>
        <string>com.proyecto26.inappbrowser.ChromeTabsManagerActivity</string>
        <string>com.google.firebase.auth.internal.RecaptchaActivity</string>
        <string>in.juspay.hypersdk.core.CustomtabResult</string>
        <string>in.juspay.hypersdkreact.ProcessActivity</string>
        <string>com.ht.ottplay.MainActivityic_launcher</string>
        <string>com.yalantis.ucrop.UCropActivity</string>
        <string>com.facebook.CustomTabActivity</string>
        <string>bin.mt.file.content.MTDataFilesWakeUpActivity</string>
        <string>com.google.android.tv.ads.controls.FallbackImageActivity</string>
        <string>com.moengage.pushbase.activities.PushTracker</string>
        <string>com.facebook.FacebookActivity</string>
        <string>com.android.billingclient.api.ProxyBillingActivity</string>
        <string>com.ht.ottplay.MainActivity</string>
        <string>com.moe.pushlibrary.activities.MoEActivity</string>
        <string>com.google.firebase.auth.internal.GenericIdpActivity</string>
        <string>com.facebook.CustomTabMainActivity</string>
        <string>com.moengage.inapp.internal.activity.MoEInAppActivity</string>
        <string>com.google.android.play.core.common.PlayCoreDialogWrapperActivity</string>
        <string>in.juspay.hypersdk.core.CustomtabActivity</string>
        <string>com.moengage.hms.pushkit.PushClickTracker</string>
    </set>
    <string name="registration_id">da9NgksoSjip7cUW7hAtfM:APA91bGmDSYAbS0QL4Kz0z4wvBHNDZXxs00AwfzOW-WoXSRQH11T4MUCU-hB1lbwiiDbf3BeW0ooLB7gWD_Dj1rAshIAnX_CB8VBahr86dO1-n9J265EwqY</string>
    <boolean name="pref_installed" value="true" />
    <boolean name="is_device_registered" value="true" />
    <long name="last_config_sync_time" value="1767620567491" />
    <long name="notification_permission_tracked_time" value="1767620567214" />
    <long name="events_batch_number" value="10" />
    <long name="inapp_api_sync_delay" value="900" />
    <long name="inapp_html_assets_delete_time" value="1767620567" />
    <boolean name="has_registered_for_verification" value="false" />
    <long name="in_app_global_delay" value="900" />
    <string name="APP_UUID">09fa7cf8-fea5-4c85-827c-1f86d81f6dd1</string>
    <string name="user_attribute_unique_id">1667319300886</string>
</map>
