{"Fid":"da9NgksoSjip7cUW7hAtfM","Status":3,"AuthToken":"eyJhbGciOiJFUzI1NiIsInR5cCI6IkpXVCJ9.eyJhcHBJZCI6IjE6NDYxOTI0ODEyMzgyOmFuZHJvaWQ6MTE5ZDBmOTM1MTlmMzg0ZDI5MTZjZiIsImV4cCI6MTc2ODAyNDcxMCwiZmlkIjoiZGE5Tmdrc29TamlwN2NVVzdoQXRmTSIsInByb2plY3ROdW1iZXIiOjQ2MTkyNDgxMjM4Mn0.AB2LPV8wRgIhAMqkKC6DRDXQL_NmOhd0v_CWtSefelcdCAk5ZX2DNBc0AiEAqOptWDS-kgOLnNDuJj9blyffym7gUaZsvQ_9iMi4jqw","RefreshToken":"3_AS3qfwI8-uTEmjlK79UwL3Efay3KUw6yrID3zUYzgOp9w3Zu34E5ACfNOG5Y1d4UzmJ3ulph62GIk_kgKCgxK0iL-VyBVce92tGlHKfqA3utjA","TokenCreationEpochInSecs":1767419910,"ExpiresInSecs":604800}